headwater_id,downstream_id,drainage_ratio,dist,hw_order,ds_order,connection_id,start_hw,end_hw,n_hw,start_ds,end_ds,n_ds,n_rat,start_hw_hw,end_hw_hw,n_hw_hw,start_ds_ds,end_ds_ds,n_ds_ds
01055500,01059000,0.052051685,34.228,3,5,2,10/1/1981,9/30/2023,13575,10/1/1981,9/30/2023,15340,0.8849413298565841,10/1/1981,9/30/2023,13575,10/1/1981,9/30/2023,15340
01094400,01094500,0.583713584,11.143,3,4,3,10/1/1981,9/30/2023,15340,10/1/1981,9/30/2023,15340,1,10/1/1981,9/30/2023,15340,10/1/1981,9/30/2023,15340
01109000,01109060,0.513513514,18.655,3,4,4,10/1/1981,9/30/2023,15340,10/1/1981,9/30/2023,15340,1,10/1/1981,9/30/2023,15340,10/1/1981,9/30/2023,15340
01110000,01112500,0.061537034,43.562,2,5,5,10/1/1981,9/30/2023,15340,10/1/1981,9/30/2023,15340,1,10/1/1981,9/30/2023,15340,10/1/1981,9/30/2023,15340
01111300,01111500,0.175275191,17.635,3,4,6,10/1/1981,9/30/2023,14609,10/1/1981,9/30/2023,15340,0.9523468057366362,10/1/1981,9/30/2023,14609,10/1/1981,9/30/2023,15340
01117350,01117500,0.095752896,18.313,2,4,8,10/1/1981,9/30/2023,15340,10/1/1981,9/30/2023,15340,1,10/1/1981,9/30/2023,15340,10/1/1981,9/30/2023,15340
01117420,01118500,0.122382199,44.169,3,5,9,10/1/1981,9/30/2023,15340,10/1/1981,9/30/2023,15340,1,10/1/1981,9/30/2023,15340,10/1/1981,9/30/2023,15340
01117420,01117500,0.361003861,13.023,3,4,10,10/1/1981,9/30/2023,15340,10/1/1981,9/30/2023,15340,1,10/1/1981,9/30/2023,15340,10/1/1981,9/30/2023,15340
01117468,01117500,0.088803089,8.851,2,4,11,10/1/1981,9/30/2023,15340,10/1/1981,9/30/2023,15340,1,10/1/1981,9/30/2023,15340,10/1/1981,9/30/2023,15340
01121000,01122000,0.164410916,11.031,2,4,12,10/1/1981,9/30/2023,15340,10/1/1981,9/30/2023,13149,0.8571707953063885,10/1/1981,9/30/2023,15340,10/1/1981,9/30/2023,13149
01121000,01122500,0.07081422,16.146,2,5,13,10/1/1981,9/30/2023,15340,10/1/1981,9/30/2023,15340,1,10/1/1981,9/30/2023,15340,10/1/1981,9/30/2023,15340
01134500,01135500,0.172511513,33.817,3,4,15,10/1/1981,9/30/2023,15340,10/1/1981,9/30/2023,15340,1,10/1/1981,9/30/2023,15340,10/1/1981,9/30/2023,15340
01162500,01166500,0.052101713,46.506,3,5,16,10/1/1981,9/30/2023,15340,10/1/1981,9/30/2023,15340,1,10/1/1981,9/30/2023,15340,10/1/1981,9/30/2023,15340
01163200,01166500,0.091645044,50.539,3,5,17,10/1/1981,9/30/2023,15340,10/1/1981,9/30/2023,15340,1,10/1/1981,9/30/2023,15340,10/1/1981,9/30/2023,15340
01175670,01176000,0.058687259,36.863,2,4,18,10/1/1981,9/30/2023,15339,10/1/1981,9/30/2023,15340,0.9999348109517601,10/1/1981,9/30/2023,15339,10/1/1981,9/30/2023,15340
01181000,01183500,0.189170292,27.81,3,5,19,10/1/1981,9/30/2023,15340,10/1/1981,9/30/2023,15340,1,10/1/1981,9/30/2023,15340,10/1/1981,9/30/2023,15340
01197000,01197500,0.204271632,56.267,3,4,20,10/1/1981,9/30/2023,15340,10/1/1981,9/30/2023,15340,1,10/1/1981,9/30/2023,15340,10/1/1981,9/30/2023,15340
01197000,01199000,0.090859266,102.939,3,5,21,10/1/1981,9/30/2023,15340,10/1/1981,9/30/2023,15340,1,10/1/1981,9/30/2023,15340,10/1/1981,9/30/2023,15340
01197000,01200500,0.057838425,146.721,3,6,22,10/1/1981,9/30/2023,15340,10/1/1981,9/30/2023,15340,1,10/1/1981,9/30/2023,15340,10/1/1981,9/30/2023,15340
01306460,01306500,0.892913386,1.715,1,2,27,10/1/1981,9/30/2023,15340,10/1/1981,9/30/2023,15340,1,10/1/1981,9/30/2023,15340,10/1/1981,9/30/2023,15340
01331500,01332500,0.370824395,17.416,3,4,28,10/1/1981,9/30/2023,15340,10/1/1981,9/30/2023,15340,1,10/1/1981,9/30/2023,15340,10/1/1981,9/30/2023,15340
01331500,01334500,0.091604209,60.199,3,4,29,10/1/1981,9/30/2023,15340,10/1/1981,9/30/2023,15340,1,10/1/1981,9/30/2023,15340,10/1/1981,9/30/2023,15340
01333000,01334500,0.083503672,41.321,3,4,32,10/1/1981,9/30/2023,15340,10/1/1981,9/30/2023,15340,1,10/1/1981,9/30/2023,15340,10/1/1981,9/30/2023,15340
01334000,01334500,0.217654629,15.387,3,4,33,10/1/1981,9/30/2023,15340,10/1/1981,9/30/2023,15340,1,10/1/1981,9/30/2023,15340,10/1/1981,9/30/2023,15340
01350000,01350355,0.53373913,32.238,3,4,34,10/1/1981,9/30/2023,15340,10/1/1981,9/30/2023,15340,1,10/1/1981,9/30/2023,15340,10/1/1981,9/30/2023,15340
01350000,01351500,0.267485946,78.925,3,5,35,10/1/1981,9/30/2023,15340,10/1/1981,9/30/2023,15340,1,10/1/1981,9/30/2023,15340,10/1/1981,9/30/2023,15340
01350000,01350180,0.661993097,19.999,3,3,36,10/1/1981,9/30/2023,15340,10/1/1981,9/30/2023,15203,0.9910691003911343,10/1/1981,9/30/2023,15340,10/1/1981,9/30/2023,15203
01350000,01357500,0.068692295,173.368,3,7,38,10/1/1981,9/30/2023,15340,10/1/1981,9/30/2023,15340,1,10/1/1981,9/30/2023,15340,10/1/1981,9/30/2023,15340
01350180,01350355,0.80626087,12.239,3,4,43,10/1/1981,9/30/2023,15203,10/1/1981,9/30/2023,15340,0.9910691003911343,10/1/1981,9/30/2023,15203,10/1/1981,9/30/2023,15340
01350180,01351500,0.404061533,58.926,3,5,44,10/1/1981,9/30/2023,15203,10/1/1981,9/30/2023,15340,0.9910691003911343,10/1/1981,9/30/2023,15203,10/1/1981,9/30/2023,15340
01350180,01357500,0.103765878,153.369,3,7,45,10/1/1981,9/30/2023,15203,10/1/1981,9/30/2023,15340,0.9910691003911343,10/1/1981,9/30/2023,15203,10/1/1981,9/30/2023,15340
01362200,01362500,0.331791675,19.462,2,3,46,10/1/1981,9/30/2023,15340,10/1/1981,9/30/2023,15340,1,10/1/1981,9/30/2023,15340,10/1/1981,9/30/2023,15340
01365000,01367500,0.1,66.541,2,4,47,10/1/1981,9/30/2023,15340,10/1/1981,9/30/2023,15340,1,10/1/1981,9/30/2023,15340,10/1/1981,9/30/2023,15340
01381500,01381900,0.084190729,19.079,3,5,49,10/1/1981,9/30/2023,15340,10/1/1981,9/30/2023,14688,0.957496741,10/1/1981,9/30/2023,15340,10/1/1981,9/30/2023,14688
01387450,01387500,0.102638353,8.368,3,4,50,10/1/1981,9/30/2023,11688,10/1/1981,9/30/2023,15340,0.7619295958279009,10/1/1981,9/30/2023,11688,10/1/1981,9/30/2023,15340
01387450,01388000,0.076978764,28.799,3,4,51,10/1/1981,9/30/2023,11688,10/1/1981,9/30/2023,15340,0.7619295958279009,10/1/1981,9/30/2023,11688,10/1/1981,9/30/2023,15340
01390500,01391500,0.39533239,16.076,3,3,52,10/1/1981,9/30/2023,15340,10/1/1981,9/30/2023,15340,1,10/1/1981,9/30/2023,15340,10/1/1981,9/30/2023,15340
01391000,01391500,0.300565771,16.85,3,3,53,10/1/1981,9/30/2023,12069,10/1/1981,9/30/2023,15340,0.7867666232073012,10/1/1981,9/30/2023,12069,10/1/1981,9/30/2023,15340
01394500,01395000,0.623229462,14.318,3,3,54,10/1/1981,9/30/2023,15340,10/1/1981,9/30/2023,15340,1,10/1/1981,9/30/2023,15340,10/1/1981,9/30/2023,15340
01396500,01403060,0.083173479,60.86,3,6,55,10/1/1981,9/30/2023,15340,10/1/1981,9/30/2023,15340,1,10/1/1981,9/30/2023,15340,10/1/1981,9/30/2023,15340
01396500,01397000,0.44418177,18.735,3,5,56,10/1/1981,9/30/2023,15340,10/1/1981,9/30/2023,15340,1,10/1/1981,9/30/2023,15340,10/1/1981,9/30/2023,15340
01396500,01400500,0.133244031,57.116,3,5,57,10/1/1981,9/30/2023,15340,10/1/1981,9/30/2023,15340,1,10/1/1981,9/30/2023,15340,10/1/1981,9/30/2023,15340
01396582,01397000,0.083793013,18.594,1,5,58,10/1/1981,9/30/2023,14205,10/1/1981,9/30/2023,15340,0.9260104302477183,10/1/1981,9/30/2023,14205,10/1/1981,9/30/2023,15340
01396660,01397000,0.080378251,17.917,3,5,59,10/1/1981,9/30/2023,15340,10/1/1981,9/30/2023,15340,1,10/1/1981,9/30/2023,15340,10/1/1981,9/30/2023,15340
01398000,01400500,0.052478134,33.33,3,5,60,10/1/1981,9/30/2023,15340,10/1/1981,9/30/2023,15340,1,10/1/1981,9/30/2023,15340,10/1/1981,9/30/2023,15340
01398500,01400000,0.137980085,23.631,3,4,61,10/1/1981,9/30/2023,15340,10/1/1981,9/30/2023,15340,1,10/1/1981,9/30/2023,15340,10/1/1981,9/30/2023,15340
01398500,01400500,0.053502482,35.501,3,5,62,10/1/1981,9/30/2023,15340,10/1/1981,9/30/2023,15340,1,10/1/1981,9/30/2023,15340,10/1/1981,9/30/2023,15340
01399500,01400000,0.17272912,27.925,2,4,63,10/1/1981,9/30/2023,15340,10/1/1981,9/30/2023,15340,1,10/1/1981,9/30/2023,15340,10/1/1981,9/30/2023,15340
01399500,01400500,0.066976598,39.795,2,5,64,10/1/1981,9/30/2023,15340,10/1/1981,9/30/2023,15340,1,10/1/1981,9/30/2023,15340,10/1/1981,9/30/2023,15340
01401000,01403060,0.056711426,37.34,3,6,65,10/1/1981,9/30/2023,15340,10/1/1981,9/30/2023,15340,1,10/1/1981,9/30/2023,15340,10/1/1981,9/30/2023,15340
01401000,01402000,0.172553128,25.728,3,5,66,10/1/1981,9/30/2023,15340,10/1/1981,9/30/2023,15340,1,10/1/1981,9/30/2023,15340,10/1/1981,9/30/2023,15340
01413500,01428500,0.080698803,168.175,3,6,69,10/1/1981,9/30/2023,15340,10/1/1981,9/30/2023,15340,1,10/1/1981,9/30/2023,15340,10/1/1981,9/30/2023,15340
01413500,01427510,0.089566804,131.748,3,6,70,10/1/1981,9/30/2023,15340,10/1/1981,9/30/2023,15340,1,10/1/1981,9/30/2023,15340,10/1/1981,9/30/2023,15340
01435000,01437500,0.216953842,63.761,3,4,75,10/1/1981,9/30/2023,15340,10/1/1981,9/30/2023,15340,1,10/1/1981,9/30/2023,15340,10/1/1981,9/30/2023,15340
01440400,01442500,0.254472272,18.62,3,5,76,10/1/1981,9/30/2023,15340,10/1/1981,9/30/2023,15340,1,10/1/1981,9/30/2023,15340,10/1/1981,9/30/2023,15340
01447680,01447720,0.169502618,9.998,2,4,77,10/1/1981,9/30/2023,15340,10/1/1981,9/30/2023,15340,1,10/1/1981,9/30/2023,15340,10/1/1981,9/30/2023,15340
01447680,01447800,0.068965517,29.057,2,5,78,10/1/1981,9/30/2023,15340,10/1/1981,9/30/2023,15340,1,10/1/1981,9/30/2023,15340,10/1/1981,9/30/2023,15340
01449360,01451000,0.056112921,33.244,3,5,79,10/1/1981,9/30/2023,15340,10/1/1981,9/30/2023,15340,1,10/1/1981,9/30/2023,15340,10/1/1981,9/30/2023,15340
01450500,01451000,0.086297503,4.866,3,5,80,10/1/1981,9/30/2023,15340,10/1/1981,9/30/2023,15340,1,10/1/1981,9/30/2023,15340,10/1/1981,9/30/2023,15340
01450500,01453000,0.059983095,39.857,3,5,82,10/1/1981,9/30/2023,15340,10/1/1981,9/30/2023,15340,1,10/1/1981,9/30/2023,15340,10/1/1981,9/30/2023,15340
01451500,01453000,0.063182998,11.881,3,5,84,10/1/1981,9/30/2023,15340,10/1/1981,9/30/2023,15340,1,10/1/1981,9/30/2023,15340,10/1/1981,9/30/2023,15340
01451800,01452000,0.699439633,19.333,3,3,85,10/1/1981,9/30/2023,15340,10/1/1981,9/30/2023,15340,1,10/1/1981,9/30/2023,15340,10/1/1981,9/30/2023,15340
01452000,01453000,0.059258588,8.784,3,5,87,10/1/1981,9/30/2023,15340,10/1/1981,9/30/2023,15340,1,10/1/1981,9/30/2023,15340,10/1/1981,9/30/2023,15340
01472198,01473000,0.136174924,26.462,3,4,89,10/1/1981,9/30/2023,15340,10/1/1981,9/30/2023,15340,1,10/1/1981,9/30/2023,15340,10/1/1981,9/30/2023,15340
01472199,01473000,0.082479934,24.483,2,4,90,10/1/1981,9/30/2023,15340,10/1/1981,9/30/2023,15340,1,10/1/1981,9/30/2023,15340,10/1/1981,9/30/2023,15340
01480300,01480617,0.33988764,19.995,3,3,92,10/1/1981,9/30/2023,15340,10/1/1981,9/30/2023,15340,1,10/1/1981,9/30/2023,15340,10/1/1981,9/30/2023,15340
01480300,01481000,0.065115028,49.452,3,5,93,10/1/1981,9/30/2023,15340,10/1/1981,9/30/2023,15340,1,10/1/1981,9/30/2023,15340,10/1/1981,9/30/2023,15340
01480300,01481500,0.059510636,66.19,3,5,94,10/1/1981,9/30/2023,15340,10/1/1981,9/30/2023,15340,1,10/1/1981,9/30/2023,15340,10/1/1981,9/30/2023,15340
01480300,01480500,0.408094435,16.821,3,3,95,10/1/1981,9/30/2023,15340,10/1/1981,9/30/2023,15340,1,10/1/1981,9/30/2023,15340,10/1/1981,9/30/2023,15340
01480500,01480617,0.832865169,3.174,3,3,96,10/1/1981,9/30/2023,15340,10/1/1981,9/30/2023,15340,1,10/1/1981,9/30/2023,15340,10/1/1981,9/30/2023,15340
01480500,01481000,0.159558725,32.631,3,5,97,10/1/1981,9/30/2023,15340,10/1/1981,9/30/2023,15340,1,10/1/1981,9/30/2023,15340,10/1/1981,9/30/2023,15340
01480500,01481500,0.145825649,49.369,3,5,98,10/1/1981,9/30/2023,15340,10/1/1981,9/30/2023,15340,1,10/1/1981,9/30/2023,15340,10/1/1981,9/30/2023,15340
01480617,01481000,0.191578098,29.457,3,5,99,10/1/1981,9/30/2023,15340,10/1/1981,9/30/2023,15340,1,10/1/1981,9/30/2023,15340,10/1/1981,9/30/2023,15340
01480617,01481500,0.175089143,46.195,3,5,100,10/1/1981,9/30/2023,15340,10/1/1981,9/30/2023,15340,1,10/1/1981,9/30/2023,15340,10/1/1981,9/30/2023,15340
01480675,01480700,0.141401274,10.802,2,4,101,10/1/1981,9/30/2023,15340,10/1/1981,9/30/2023,15340,1,10/1/1981,9/30/2023,15340,10/1/1981,9/30/2023,15340
01480675,01480870,0.095360825,18.699,2,4,102,10/1/1981,9/30/2023,15340,10/1/1981,9/30/2023,15340,1,10/1/1981,9/30/2023,15340,10/1/1981,9/30/2023,15340
01521500,01524500,0.193792766,8.534,2,4,103,10/1/1981,9/30/2023,15340,10/1/1981,9/30/2023,15340,1,10/1/1981,9/30/2023,15340,10/1/1981,9/30/2023,15340
01523500,01524500,0.366568915,2.668,3,4,104,10/1/1981,9/30/2023,15340,10/1/1981,9/30/2023,15340,1,10/1/1981,9/30/2023,15340,10/1/1981,9/30/2023,15340
01534300,01534500,0.35931355,22.601,3,4,105,10/1/1981,9/30/2023,15340,10/1/1981,9/30/2023,15340,1,10/1/1981,9/30/2023,15340,10/1/1981,9/30/2023,15340
01534300,01536000,0.116874055,53.72,3,4,106,10/1/1981,9/30/2023,15340,10/1/1981,9/30/2023,15340,1,10/1/1981,9/30/2023,15340,10/1/1981,9/30/2023,15340
01557500,01558000,0.2004212,15.526,3,4,107,10/1/1981,9/30/2023,15340,10/1/1981,9/30/2023,15340,1,10/1/1981,9/30/2023,15340,10/1/1981,9/30/2023,15340
01557500,01559000,0.05403615,38.799,3,6,108,10/1/1981,9/30/2023,15340,10/1/1981,9/30/2023,15340,1,10/1/1981,9/30/2023,15340,10/1/1981,9/30/2023,15340
01567500,01568000,0.072374557,32.021,2,6,109,10/1/1981,9/30/2023,15340,10/1/1981,9/30/2023,15340,1,10/1/1981,9/30/2023,15340,10/1/1981,9/30/2023,15340
01585500,01586000,0.0579809,16.585,1,3,110,10/1/1981,9/30/2023,15340,10/1/1981,9/30/2023,15340,1,10/1/1981,9/30/2023,15340,10/1/1981,9/30/2023,15340
01591000,01592500,0.263527347,30.798,3,4,111,10/1/1981,9/30/2023,15340,10/1/1981,9/30/2023,15340,1,10/1/1981,9/30/2023,15340,10/1/1981,9/30/2023,15340
01591000,01591610,0.442534381,9.183,3,4,112,10/1/1981,9/30/2023,15340,10/1/1981,9/30/2023,15340,1,10/1/1981,9/30/2023,15340,10/1/1981,9/30/2023,15340
01591000,01594440,0.099966715,65.081,3,5,113,10/1/1981,9/30/2023,15340,10/1/1981,9/30/2023,15340,1,10/1/1981,9/30/2023,15340,10/1/1981,9/30/2023,15340
01591400,01592500,0.173442527,33.177,3,4,114,10/1/1981,9/30/2023,15340,10/1/1981,9/30/2023,15340,1,10/1/1981,9/30/2023,15340,10/1/1981,9/30/2023,15340
01591400,01591610,0.291257367,11.562,3,4,115,10/1/1981,9/30/2023,15340,10/1/1981,9/30/2023,15340,1,10/1/1981,9/30/2023,15340,10/1/1981,9/30/2023,15340
01591400,01594440,0.065793853,67.46,3,5,116,10/1/1981,9/30/2023,15340,10/1/1981,9/30/2023,15340,1,10/1/1981,9/30/2023,15340,10/1/1981,9/30/2023,15340
01591700,01592500,0.204445744,20.886,3,4,117,10/1/1981,9/30/2023,15340,10/1/1981,9/30/2023,15340,1,10/1/1981,9/30/2023,15340,10/1/1981,9/30/2023,15340
01591700,01594440,0.077554643,55.169,3,5,118,10/1/1981,9/30/2023,15340,10/1/1981,9/30/2023,15340,1,10/1/1981,9/30/2023,15340,10/1/1981,9/30/2023,15340
01593500,01594000,0.386033739,3.201,3,4,119,10/1/1981,9/30/2023,15340,5/16/1985,9/30/2023,14017,0.913754889,10/1/1981,9/30/2023,15340,5/16/1985,9/30/2023,14017
01593500,01594440,0.109175635,35.139,3,5,120,10/1/1981,9/30/2023,15340,10/1/1981,9/30/2023,15340,1,10/1/1981,9/30/2023,15340,10/1/1981,9/30/2023,15340
01596500,01603000,0.056000704,72.839,3,5,123,10/1/1981,9/30/2023,15340,10/1/1981,9/30/2023,15340,1,10/1/1981,9/30/2023,15340,10/1/1981,9/30/2023,15340
01596500,01597500,0.463387978,10.431,3,4,124,10/1/1981,9/30/2023,15340,10/1/1981,9/30/2023,15340,1,10/1/1981,9/30/2023,15340,10/1/1981,9/30/2023,15340
01599000,01603000,0.082548208,53.675,3,5,125,10/1/1981,9/30/2023,15340,10/1/1981,9/30/2023,15340,1,10/1/1981,9/30/2023,15340,10/1/1981,9/30/2023,15340
01615000,01616500,0.213910575,50.02,3,4,127,10/1/1981,9/30/2023,13533,10/1/1981,9/30/2023,15340,0.8822033898305085,10/1/1981,9/30/2023,13533,10/1/1981,9/30/2023,15340
01632900,01634000,0.121546407,103.398,3,4,128,10/1/1981,9/30/2023,15340,10/1/1981,9/30/2023,15340,1,10/1/1981,9/30/2023,15340,10/1/1981,9/30/2023,15340
01632900,01633000,0.184236528,23.681,3,4,129,10/1/1981,9/30/2023,15340,10/1/1981,9/30/2023,15340,1,10/1/1981,9/30/2023,15340,10/1/1981,9/30/2023,15340
01662800,01663500,0.090502642,20.749,2,4,131,10/1/1981,9/30/2023,14527,10/1/1981,9/30/2023,11791,0.8116610449507813,10/1/1981,9/30/2023,14527,10/1/1981,9/30/2023,11791
01665500,01667500,0.2456893,53.746,3,5,132,10/1/1981,9/30/2023,14152,10/1/1981,9/30/2023,15340,0.9225554106910039,10/1/1981,9/30/2023,14152,10/1/1981,9/30/2023,15340
01665500,01668000,0.072089083,117.744,3,6,133,10/1/1981,9/30/2023,14152,10/1/1981,9/30/2023,15340,0.9225554106910039,10/1/1981,9/30/2023,14152,10/1/1981,9/30/2023,15340
02011400,02016500,0.114506182,86.385,3,6,134,10/1/1981,9/30/2023,15340,10/1/1981,9/30/2023,15340,1,10/1/1981,9/30/2023,15340,10/1/1981,9/30/2023,15340
02011400,02019500,0.075731049,144.004,3,8,135,10/1/1981,9/30/2023,15340,10/1/1981,9/30/2023,15340,1,10/1/1981,9/30/2023,15340,10/1/1981,9/30/2023,15340
02011460,02011500,0.454335926,7.22,2,2,136,10/1/1981,9/30/2023,15340,10/1/1981,9/30/2023,15340,1,10/1/1981,9/30/2023,15340,10/1/1981,9/30/2023,15340
02011500,02016500,0.097749866,92.994,2,6,137,10/1/1981,9/30/2023,15340,10/1/1981,9/30/2023,15340,1,10/1/1981,9/30/2023,15340,10/1/1981,9/30/2023,15340
02011500,02019500,0.06464891,150.613,2,8,138,10/1/1981,9/30/2023,15340,10/1/1981,9/30/2023,15340,1,10/1/1981,9/30/2023,15340,10/1/1981,9/30/2023,15340
02015700,02016000,0.238609715,99.059,2,4,139,10/1/1981,9/30/2023,15340,10/1/1981,9/30/2023,15340,1,10/1/1981,9/30/2023,15340,10/1/1981,9/30/2023,15340
02015700,02016500,0.08023318,104.466,2,6,140,10/1/1981,9/30/2023,15340,10/1/1981,9/30/2023,15340,1,10/1/1981,9/30/2023,15340,10/1/1981,9/30/2023,15340
02015700,02019500,0.053063885,162.085,2,8,141,10/1/1981,9/30/2023,15340,10/1/1981,9/30/2023,15340,1,10/1/1981,9/30/2023,15340,10/1/1981,9/30/2023,15340
02020500,02021500,0.428588194,16.783,3,4,142,10/1/1981,9/30/2023,14610,10/1/1981,9/30/2023,15340,0.9524119947848761,10/1/1981,9/30/2023,14610,10/1/1981,9/30/2023,15340
02020500,02024000,0.217938772,52.923,3,5,143,10/1/1981,9/30/2023,14610,10/1/1981,9/30/2023,15340,0.9524119947848761,10/1/1981,9/30/2023,14610,10/1/1981,9/30/2023,15340
02032250,02034000,0.116119264,62.679,3,5,144,10/1/1981,9/30/2023,12504,10/1/1981,9/30/2023,15340,0.8151238591916558,10/1/1981,9/30/2023,12504,10/1/1981,9/30/2023,15340
02077200,02077303,0.227255352,29.341,3,4,145,10/1/1981,9/30/2023,15340,10/1/1981,9/30/2023,15276,0.9958279009126467,10/1/1981,9/30/2023,15340,10/1/1981,9/30/2023,15276
02093800,02094500,0.157382847,40.151,3,4,146,10/1/1981,9/30/2023,15256,10/1/1981,9/30/2023,15339,0.994588956,10/1/1981,9/30/2023,15256,10/1/1981,9/30/2023,15339
02095500,02096500,0.061229691,52.43,3,5,147,10/1/1981,9/30/2023,12509,10/1/1981,9/30/2023,15335,0.8157156830779263,10/1/1981,9/30/2023,12509,10/1/1981,9/30/2023,15335
02111000,02112000,0.057147235,54.638,3,5,148,10/1/1981,9/30/2023,15340,10/1/1981,9/30/2023,15340,1,10/1/1981,9/30/2023,15340,10/1/1981,9/30/2023,15340
02143500,02145000,0.110175223,31.487,2,5,149,10/1/1981,9/30/2023,15340,10/1/1983,9/30/2023,14610,0.9524119947848761,10/1/1981,9/30/2023,15340,10/1/1983,9/30/2023,14610
02143500,02145000,0.110175223,31.487,2,5,150,10/1/1981,9/30/2023,15340,10/1/1983,9/30/2023,14610,0.9524119947848761,10/1/1981,9/30/2023,15340,10/1/1983,9/30/2023,14610
02144000,02145000,0.050660928,24.5,2,5,151,10/1/1981,9/30/2023,15340,10/1/1983,9/30/2023,14610,0.9524119947848761,10/1/1981,9/30/2023,15340,10/1/1983,9/30/2023,14610
02144000,02145000,0.050660928,24.5,2,5,152,10/1/1981,9/30/2023,15340,10/1/1983,9/30/2023,14610,0.9524119947848761,10/1/1981,9/30/2023,15340,10/1/1983,9/30/2023,14610
02146211,02146300,0.194968553,11.285,1,3,153,10/1/1981,9/30/2023,13429,10/1/1981,9/30/2023,15002,0.8951473136915078,10/1/1981,9/30/2023,13429,10/1/1981,9/30/2023,15002
02146600,02146750,0.417885499,19.05,3,3,154,10/1/1981,9/30/2023,15340,10/1/1981,9/30/2023,15340,1,10/1/1981,9/30/2023,15340,10/1/1981,9/30/2023,15340
02146700,02146750,0.07521939,12.597,2,3,155,10/1/1981,9/30/2023,15339,10/1/1981,9/30/2023,15340,0.9999348109517601,10/1/1981,9/30/2023,15339,10/1/1981,9/30/2023,15340
02162350,02162500,0.070484581,50.315,3,5,156,10/1/1981,9/30/2023,12124,2/26/1990,9/30/2023,12270,0.9881010594947025,10/1/1981,9/30/2023,12124,2/26/1990,9/30/2023,12270
02234990,02235000,0.224310521,8.689,2,3,157,10/1/1982,9/30/2023,14975,10/1/1981,9/30/2023,15340,0.9762059973924381,10/1/1982,9/30/2023,14975,10/1/1981,9/30/2023,15340
02235000,02236000,0.061642887,31.789,3,6,158,10/1/1981,9/30/2023,15340,10/1/1981,9/30/2023,15340,1,10/1/1981,9/30/2023,15340,10/1/1981,9/30/2023,15340
02237293,02240000,0.184788223,79.498,1,4,159,10/1/1981,9/30/2023,15282,10/1/1981,9/30/2023,15340,0.9962190352020861,10/1/1981,9/30/2023,15282,10/1/1981,9/30/2023,15340
02237293,02238000,0.341059405,25.002,1,4,160,10/1/1981,9/30/2023,15282,10/1/1985,9/30/2023,13879,0.9081926449417616,10/1/1981,9/30/2023,15282,10/1/1985,9/30/2023,13879
02266200,02266300,0.146508444,9.432,1,3,161,10/1/1981,9/30/2023,15106,10/1/1981,9/30/2023,15340,0.9847457627118644,10/1/1981,9/30/2023,15106,10/1/1981,9/30/2023,15340
02266200,02266500,0.070026178,25.014,1,3,162,10/1/1981,9/30/2023,15106,10/1/1981,9/30/2023,14067,0.9312193830266119,10/1/1981,9/30/2023,15106,10/1/1981,9/30/2023,14067
02266300,02266500,0.477966841,15.582,3,3,163,10/1/1981,9/30/2023,15340,10/1/1981,9/30/2023,14067,0.9170143415906128,10/1/1981,9/30/2023,15340,10/1/1981,9/30/2023,14067
02266480,02266500,0.130017452,12.881,1,3,164,10/1/1981,9/30/2023,15340,10/1/1981,9/30/2023,14067,0.9170143415906128,10/1/1981,9/30/2023,15340,10/1/1981,9/30/2023,14067
02270000,02270500,0.102383863,18.519,2,4,165,3/1/1991,9/30/2023,11902,10/1/1981,9/30/2023,15193,0.7833870861580992,3/1/1991,9/30/2023,11902,10/1/1981,9/30/2023,15193
02303400,02303800,0.349903475,30.514,3,3,166,10/1/1981,9/30/2023,15076,10/1/1981,9/30/2023,15340,0.9827900912646675,10/1/1981,9/30/2023,15076,10/1/1981,9/30/2023,15340
02303400,02304500,0.089716619,53.08,3,5,167,10/1/1981,9/30/2023,15076,10/1/1981,9/30/2023,15273,0.9871014208079618,10/1/1981,9/30/2023,15076,10/1/1981,9/30/2023,15273
02303400,02303420,0.478547855,11.279,3,3,168,10/1/1981,9/30/2023,15076,10/1/1981,9/30/2023,15339,0.9828541625920856,10/1/1981,9/30/2023,15076,10/1/1981,9/30/2023,15339
02303420,02303800,0.731177606,19.235,3,3,169,10/1/1981,9/30/2023,15339,10/1/1981,9/30/2023,15340,0.9999348109517601,10/1/1981,9/30/2023,15339,10/1/1981,9/30/2023,15340
02303420,02304500,0.187476797,41.801,3,5,170,10/1/1981,9/30/2023,15339,10/1/1981,9/30/2023,15273,0.9956972423234891,10/1/1981,9/30/2023,15339,10/1/1981,9/30/2023,15273
02303800,02304500,0.25640391,22.566,3,5,171,10/1/1981,9/30/2023,15340,10/1/1981,9/30/2023,15273,0.995632334,10/1/1981,9/30/2023,15340,10/1/1981,9/30/2023,15273
02312200,02313230,0.071772621,111.597,2,5,173,10/1/1981,9/30/2023,15340,10/1/1981,9/30/2023,15320,0.9986962190352021,10/1/1981,9/30/2023,15340,10/1/1981,9/30/2023,15320
02312200,02312500,0.178988512,6.063,2,5,174,10/1/1981,9/30/2023,15340,10/1/1981,9/30/2023,15340,1,10/1/1981,9/30/2023,15340,10/1/1981,9/30/2023,15340
02312200,02313000,0.079442317,73.202,2,5,175,10/1/1981,9/30/2023,15340,10/1/1981,9/30/2023,15340,1,10/1/1981,9/30/2023,15340,10/1/1981,9/30/2023,15340
02312200,02312720,0.095382036,48.336,2,5,176,10/1/1981,9/30/2023,15340,10/1/1981,9/30/2023,15340,1,10/1/1981,9/30/2023,15340,10/1/1981,9/30/2023,15340
02312700,02313230,0.207920792,72.9,3,5,177,10/1/1981,9/30/2023,15210,10/1/1981,9/30/2023,15320,0.9928198433420365,10/1/1981,9/30/2023,15210,10/1/1981,9/30/2023,15320
02312700,02313000,0.230139421,34.505,3,5,178,10/1/1981,9/30/2023,15210,10/1/1981,9/30/2023,15340,0.9915254237288136,10/1/1981,9/30/2023,15210,10/1/1981,9/30/2023,15340
02312700,02312720,0.276315789,9.639,3,5,179,10/1/1981,9/30/2023,15210,10/1/1981,9/30/2023,15340,0.9915254237288136,10/1/1981,9/30/2023,15210,10/1/1981,9/30/2023,15340
02321000,02322500,0.187813212,75.629,3,5,182,10/1/1990,9/30/2023,11758,10/1/1981,9/30/2023,15340,0.7664928292046936,10/1/1990,9/30/2023,11758,10/1/1981,9/30/2023,15340
02321000,02321500,0.332191781,26.182,3,5,183,10/1/1990,9/30/2023,11758,10/1/1981,9/30/2023,15340,0.7664928292046936,10/1/1990,9/30/2023,11758,10/1/1981,9/30/2023,15340
02324400,02325000,0.375,24.434,2,2,184,10/1/1981,9/30/2023,15340,10/1/1981,9/30/2023,14785,0.9638200782268579,10/1/1981,9/30/2023,15340,10/1/1981,9/30/2023,14785
02330450,02331600,0.141946556,32.124,3,5,185,10/1/1981,9/30/2023,15340,10/1/1981,9/30/2023,15340,1,10/1/1981,9/30/2023,15340,10/1/1981,9/30/2023,15340
02381600,02382200,0.08403634,26.738,2,4,186,10/1/1981,9/30/2023,15339,10/1/1981,9/30/2023,15340,0.9999348109517601,10/1/1981,9/30/2023,15339,10/1/1981,9/30/2023,15340
03014500,03016000,0.053009684,110.216,3,6,187,10/1/1981,9/30/2023,15340,10/1/1981,9/30/2023,14244,0.9285528031290743,10/1/1981,9/30/2023,15340,10/1/1981,9/30/2023,14244
03014500,03015000,0.237768525,46.721,3,5,188,10/1/1981,9/30/2023,15340,10/1/1981,9/30/2023,15340,1,10/1/1981,9/30/2023,15340,10/1/1981,9/30/2023,15340
03021350,03024000,0.089502347,120.987,3,6,190,10/1/1981,9/30/2023,15340,10/1/1981,9/30/2023,15340,1,10/1/1981,9/30/2023,15340,10/1/1981,9/30/2023,15340
03052500,03053500,0.051575132,13.086,3,5,191,10/1/1981,9/30/2023,15339,10/1/1981,9/30/2023,15339,1,10/1/1981,9/30/2023,15339,10/1/1981,9/30/2023,15339
03078000,03079000,0.168081666,55.68,3,5,193,10/1/1981,9/30/2023,15340,10/1/1981,9/30/2023,15340,1,10/1/1981,9/30/2023,15340,10/1/1981,9/30/2023,15340
03078000,03081000,0.06239916,81.641,3,6,194,10/1/1981,9/30/2023,15340,10/1/1981,9/30/2023,15340,1,10/1/1981,9/30/2023,15340,10/1/1981,9/30/2023,15340
03118000,03118500,0.250505051,16.167,3,4,195,10/1/1981,9/30/2023,15338,10/1/1981,9/30/2023,15340,0.9998696219035202,10/1/1981,9/30/2023,15338,10/1/1981,9/30/2023,15340
03157000,03157500,0.193893001,13.105,3,5,196,10/1/1981,9/30/2023,15340,10/1/1981,9/30/2023,15340,1,10/1/1981,9/30/2023,15340,10/1/1981,9/30/2023,15340
03157000,03159500,0.094374386,79.064,3,5,197,10/1/1981,9/30/2023,15340,10/1/1981,9/30/2023,15340,1,10/1/1981,9/30/2023,15340,10/1/1981,9/30/2023,15340
03177710,03179000,0.112121212,90.087,3,5,198,10/1/1981,9/30/2023,12636,10/1/1981,9/30/2023,15339,0.8237825151574418,10/1/1981,9/30/2023,12636,10/1/1981,9/30/2023,15339
03187500,03189100,0.152248629,12.456,3,5,199,10/1/1981,9/30/2023,14822,10/1/1981,9/30/2023,14051,0.9479827283767372,10/1/1981,9/30/2023,14822,10/1/1981,9/30/2023,14051
03187500,03192000,0.06108438,99.253,3,6,200,10/1/1981,9/30/2023,14822,10/1/1981,9/30/2023,15340,0.9662320730117341,10/1/1981,9/30/2023,14822,10/1/1981,9/30/2023,15340
03289000,03289500,0.050771366,81.901,2,4,201,10/1/1981,9/30/2023,13514,10/1/1981,9/30/2023,14193,0.9521595152539984,10/1/1981,9/30/2023,13514,10/1/1981,9/30/2023,14193
03302680,03302800,0.067121419,47.629,3,4,203,10/1/1981,9/30/2023,15340,10/1/1981,9/30/2023,15340,1,10/1/1981,9/30/2023,15340,10/1/1981,9/30/2023,15340
03326500,03335500,0.093850118,152.57,3,6,204,10/1/1981,9/30/2023,15340,10/1/1981,9/30/2023,15340,1,10/1/1981,9/30/2023,15340,10/1/1981,9/30/2023,15340
03326500,03327500,0.253913493,54.023,3,5,205,10/1/1981,9/30/2023,15340,10/1/1981,9/30/2023,15340,1,10/1/1981,9/30/2023,15340,10/1/1981,9/30/2023,15340
03326500,03329000,0.180473252,84.277,3,5,206,10/1/1981,9/30/2023,15340,10/1/1981,9/30/2023,15340,1,10/1/1981,9/30/2023,15340,10/1/1981,9/30/2023,15340
03340800,03341300,0.310264587,53.974,3,5,207,10/1/1981,9/30/2023,15340,10/1/1981,9/30/2023,14317,0.9333116036505867,10/1/1981,9/30/2023,15340,10/1/1981,9/30/2023,14317
03351500,03352500,0.567115833,26.107,2,3,211,10/1/1981,9/30/2023,15340,10/1/1981,9/30/2023,15340,1,10/1/1981,9/30/2023,15340,10/1/1981,9/30/2023,15340
03351500,03353000,0.103362773,46.703,2,5,212,10/1/1981,9/30/2023,15340,10/1/1981,9/30/2023,15340,1,10/1/1981,9/30/2023,15340,10/1/1981,9/30/2023,15340
03351500,03354000,0.069148012,95.443,2,5,213,10/1/1981,9/30/2023,15340,10/1/1981,9/30/2023,15340,1,10/1/1981,9/30/2023,15340,10/1/1981,9/30/2023,15340
03352500,03353000,0.182260426,20.596,3,5,214,10/1/1981,9/30/2023,15340,10/1/1981,9/30/2023,15340,1,10/1/1981,9/30/2023,15340,10/1/1981,9/30/2023,15340
03352500,03354000,0.121929256,69.336,3,5,215,10/1/1981,9/30/2023,15340,10/1/1981,9/30/2023,15340,1,10/1/1981,9/30/2023,15340,10/1/1981,9/30/2023,15340
03353800,03354000,0.086747026,19.159,3,5,217,10/1/1981,9/30/2023,15340,10/1/1981,9/30/2023,15340,1,10/1/1981,9/30/2023,15340,10/1/1981,9/30/2023,15340
03358000,03360000,0.295157464,41.884,3,5,218,10/1/1981,9/30/2023,15340,10/1/1981,9/30/2023,15340,1,10/1/1981,9/30/2023,15340,10/1/1981,9/30/2023,15340
03358000,03360500,0.05225706,143.091,3,6,219,10/1/1981,9/30/2023,15340,10/1/1981,9/30/2023,15340,1,10/1/1981,9/30/2023,15340,10/1/1981,9/30/2023,15340
03361650,03364000,0.055008934,82.678,2,5,220,10/1/1981,9/30/2023,15340,10/1/1981,9/30/2023,15340,1,10/1/1981,9/30/2023,15340,10/1/1981,9/30/2023,15340
03361650,03362500,0.198093997,52.167,2,4,221,10/1/1981,9/30/2023,15340,10/1/1981,9/30/2023,15340,1,10/1/1981,9/30/2023,15340,10/1/1981,9/30/2023,15340
03361850,03362500,0.166245826,43.841,3,4,223,10/1/1981,9/30/2023,15340,10/1/1981,9/30/2023,15340,1,10/1/1981,9/30/2023,15340,10/1/1981,9/30/2023,15340
03362000,03364000,0.062676709,37.029,2,5,225,10/1/1981,9/30/2023,15340,10/1/1981,9/30/2023,15340,1,10/1/1981,9/30/2023,15340,10/1/1981,9/30/2023,15340
03362000,03362500,0.225706606,6.518,2,4,226,10/1/1981,9/30/2023,15340,10/1/1981,9/30/2023,15340,1,10/1/1981,9/30/2023,15340,10/1/1981,9/30/2023,15340
03363500,03371500,0.07848,187.643,3,6,228,10/1/1981,9/30/2023,15340,10/1/1981,9/30/2023,15340,1,10/1/1981,9/30/2023,15340,10/1/1981,9/30/2023,15340
03363500,03365500,0.129436601,96.013,3,5,229,10/1/1981,9/30/2023,15340,10/1/1981,9/30/2023,15340,1,10/1/1981,9/30/2023,15340,10/1/1981,9/30/2023,15340
03363500,03363900,0.567421011,46.796,3,4,230,10/1/1981,9/30/2023,15340,10/1/1981,9/30/2023,15340,1,10/1/1981,9/30/2023,15340,10/1/1981,9/30/2023,15340
03363500,03364000,0.177512384,54.058,3,5,231,10/1/1981,9/30/2023,15340,10/1/1981,9/30/2023,15340,1,10/1/1981,9/30/2023,15340,10/1/1981,9/30/2023,15340
03368000,03369500,0.057527301,39.561,1,3,232,10/1/1981,9/24/2023,15334,10/1/1981,9/30/2023,15340,0.9996088657105606,10/1/1981,9/24/2023,15334,10/1/1981,9/30/2023,15340
03369500,03371500,0.05128,142.529,3,6,233,10/1/1981,9/30/2023,15340,10/1/1981,9/30/2023,15340,1,10/1/1981,9/30/2023,15340,10/1/1981,9/30/2023,15340
04057800,04058100,0.217687075,56.462,3,4,234,10/1/1981,9/30/2023,15287,10/1/1981,9/30/2023,12782,0.8361352783410742,10/1/1981,9/30/2023,15287,10/1/1981,9/30/2023,12782
04087030,04087120,0.282172003,22.31,3,4,237,10/1/1981,9/30/2023,15340,10/1/1981,9/30/2023,15340,1,10/1/1981,9/30/2023,15340,10/1/1981,9/30/2023,15340
04087050,04087070,0.405882353,11.721,2,3,238,10/1/2007,9/30/2023,5844,4/1/2004,9/30/2023,7120,0.8207865168539326,10/1/2007,9/30/2023,5844,4/1/2004,9/30/2023,7120
04087088,04087120,0.147206529,3.597,2,4,241,10/1/1981,9/30/2023,15340,10/1/1981,9/30/2023,15340,1,10/1/1981,9/30/2023,15340,10/1/1981,9/30/2023,15340
04087220,04087240,0.258890469,36.474,3,4,243,10/1/1981,9/30/2023,15340,10/1/1981,9/30/2023,15340,1,10/1/1981,9/30/2023,15340,10/1/1981,9/30/2023,15340
04099510,04099750,0.293582888,52.745,3,5,244,10/1/1981,9/30/2023,15340,10/1/1981,9/30/2023,15340,1,10/1/1981,9/30/2023,15340,10/1/1981,9/30/2023,15340
04106320,04106400,0.696280992,8.798,1,1,245,10/1/1981,9/30/2023,11568,10/1/1981,9/30/2023,15340,0.7541069100391135,10/1/1981,9/30/2023,11568,10/1/1981,9/30/2023,15340
04121300,04121500,0.169581032,61.306,3,6,246,10/1/1981,9/30/2023,15340,10/1/1981,9/30/2023,15340,1,10/1/1981,9/30/2023,15340,10/1/1981,9/30/2023,15340
04124500,04125460,0.244917258,53.697,3,4,247,10/1/1991,9/30/2023,11688,10/1/1981,9/30/2023,10225,0.8748288843258042,10/1/1991,9/30/2023,11688,10/1/1981,9/30/2023,10225
04135700,04136500,0.294638298,45.556,3,5,248,10/1/1981,9/30/2023,14975,10/1/1981,9/30/2023,15340,0.9762059973924381,10/1/1981,9/30/2023,14975,10/1/1981,9/30/2023,15340
04146000,04146063,0.250174703,23.014,3,5,249,10/1/1981,9/30/2023,15340,10/1/1981,9/30/2023,15340,1,10/1/1981,9/30/2023,15340,10/1/1981,9/30/2023,15340
04146000,04147500,0.10431995300000001,47.604,3,6,250,10/1/1981,9/30/2023,15340,10/1/1981,9/30/2023,14974,0.9761408083441981,10/1/1981,9/30/2023,15340,10/1/1981,9/30/2023,14974
04146000,04148500,0.057835218,83.778,3,6,251,10/1/1981,9/30/2023,15340,10/1/1981,9/30/2023,15340,1,10/1/1981,9/30/2023,15340,10/1/1981,9/30/2023,15340
04148140,04148500,0.103957997,27.76,3,6,253,10/1/1981,9/30/2023,15340,10/1/1981,9/30/2023,15340,1,10/1/1981,9/30/2023,15340,10/1/1981,9/30/2023,15340
04164100,04164500,0.109623593,46.398,2,4,254,10/1/1981,9/30/2023,15340,10/1/1981,9/30/2023,15340,1,10/1/1981,9/30/2023,15340,10/1/1981,9/30/2023,15340
04164300,04164500,0.065386108,44.923,2,4,255,10/1/1981,9/30/2023,15340,10/1/1981,9/30/2023,15340,1,10/1/1981,9/30/2023,15340,10/1/1981,9/30/2023,15340
04166300,04166500,0.093537064,8.726,3,5,256,10/1/1981,9/30/2020,14245,10/1/1981,9/30/2023,15340,0.9286179921773142,10/1/1981,9/30/2020,14245,10/1/1981,9/30/2023,15340
04285500,04286000,0.174285159,2.245,3,5,258,10/1/1981,9/30/2023,15340,10/1/1981,9/30/2023,15340,1,10/1/1981,9/30/2023,15340,10/1/1981,9/30/2023,15340
04285500,04290500,0.06627464,68.812,3,5,259,10/1/1981,9/30/2023,15340,10/1/1981,9/30/2023,15340,1,10/1/1981,9/30/2023,15340,10/1/1981,9/30/2023,15340
04287000,04290500,0.072894708,75.396,3,5,260,10/1/1981,9/30/2023,15340,10/1/1981,9/30/2023,15340,1,10/1/1981,9/30/2023,15340,10/1/1981,9/30/2023,15340
04288000,04290500,0.133141019,60.394,3,5,261,10/1/1981,9/30/2023,15340,10/1/1981,9/30/2023,15340,1,10/1/1981,9/30/2023,15340,10/1/1981,9/30/2023,15340
05014500,05017500,0.113451278,22.326,3,5,262,10/1/1981,9/30/2023,15340,10/1/1981,9/30/2023,15340,1,10/1/1981,9/30/2023,15340,10/1/1981,9/30/2023,15340
05516500,05517000,0.67592757,45.9,3,4,263,10/1/1981,9/30/2023,15340,10/1/1981,9/30/2023,15340,1,10/1/1981,9/30/2023,15340,10/1/1981,9/30/2023,15340
05516500,05517500,0.217465802,77.196,3,5,264,10/1/1981,9/30/2023,15340,10/1/1981,9/30/2023,15340,1,10/1/1981,9/30/2023,15340,10/1/1981,9/30/2023,15340
05516500,05517530,0.213676413,84.645,3,5,265,10/1/1981,9/30/2023,15340,10/1/1981,9/30/2023,15340,1,10/1/1981,9/30/2023,15340,10/1/1981,9/30/2023,15340
05516500,05520500,0.128168445,148.978,3,5,266,10/1/1981,9/30/2023,15340,10/1/1981,9/30/2023,15340,1,10/1/1981,9/30/2023,15340,10/1/1981,9/30/2023,15340
05516500,05518000,0.165270423,115.502,3,5,267,10/1/1981,9/30/2023,15340,10/1/1981,9/30/2023,15340,1,10/1/1981,9/30/2023,15340,10/1/1981,9/30/2023,15340
05528500,05529000,0.054483054,14.262,3,4,268,10/1/1981,9/30/2023,15339,10/1/1981,9/30/2023,15340,0.9999348109517601,10/1/1981,9/30/2023,15339,10/1/1981,9/30/2023,15340
05530990,05531500,0.265278711,43.907,3,4,269,10/1/1981,9/30/2023,15340,10/1/1981,9/30/2023,15339,0.9999348109517601,10/1/1981,9/30/2023,15340,10/1/1981,9/30/2023,15339
05534500,05536000,0.196911197,13.158,2,3,270,10/1/1981,9/30/2023,15327,10/1/1981,9/30/2023,15340,0.9991525423728813,10/1/1981,9/30/2023,15327,10/1/1981,9/30/2023,15340
05535000,05535070,0.617216117,0,2,2,271,10/1/1981,9/30/2023,15337,10/1/1981,9/30/2023,15340,0.9998044328552803,10/1/1981,9/30/2023,15337,10/1/1981,9/30/2023,15340
05535000,05536000,0.13011583,22.48,2,3,272,10/1/1981,9/30/2023,15337,10/1/1981,9/30/2023,15340,0.9998044328552803,10/1/1981,9/30/2023,15337,10/1/1981,9/30/2023,15340
05535070,05536000,0.210810811,22.48,2,3,273,10/1/1981,9/30/2023,15340,10/1/1981,9/30/2023,15340,1,10/1/1981,9/30/2023,15340,10/1/1981,9/30/2023,15340
05535500,05536000,0.115057915,16.416,2,3,274,10/1/1981,9/30/2023,15336,10/1/1981,9/30/2023,15340,0.9997392438070404,10/1/1981,9/30/2023,15336,10/1/1981,9/30/2023,15340
05536215,05536275,0.237564959,12.615,2,3,275,10/1/1981,9/30/2023,15340,10/1/1981,9/30/2023,15340,1,10/1/1981,9/30/2023,15340,10/1/1981,9/30/2023,15340
05536215,05536290,0.118804529,17.096,2,4,276,10/1/1981,9/30/2023,15340,10/1/1981,9/30/2023,15340,1,10/1/1981,9/30/2023,15340,10/1/1981,9/30/2023,15340
05536235,05536275,0.221974759,14.64,2,3,277,10/1/1981,9/30/2023,15340,10/1/1981,9/30/2023,15340,1,10/1/1981,9/30/2023,15340,10/1/1981,9/30/2023,15340
05536235,05536290,0.111007982,19.121,2,4,278,10/1/1981,9/30/2023,15340,10/1/1981,9/30/2023,15340,1,10/1/1981,9/30/2023,15340,10/1/1981,9/30/2023,15340
05536255,05536275,0.226057906,11.781,2,3,279,10/1/1981,9/30/2023,15340,10/1/1981,9/30/2023,15340,1,10/1/1981,9/30/2023,15340,10/1/1981,9/30/2023,15340
05536255,05536290,0.113049935,16.262,2,4,280,10/1/1981,9/30/2023,15340,10/1/1981,9/30/2023,15340,1,10/1/1981,9/30/2023,15340,10/1/1981,9/30/2023,15340
05536275,05536290,0.500092816,4.481,3,4,281,10/1/1981,9/30/2023,15340,10/1/1981,9/30/2023,15340,1,10/1/1981,9/30/2023,15340,10/1/1981,9/30/2023,15340
05539900,05540095,0.314176245,18.096,3,3,282,10/1/1981,9/30/2023,15340,10/1/1981,9/30/2023,15337,0.9998044328552803,10/1/1981,9/30/2023,15340,10/1/1981,9/30/2023,15337
05539900,05540500,0.087940896,60.596,3,5,283,10/1/1981,9/30/2023,15340,10/1/1981,9/30/2023,15340,1,10/1/1981,9/30/2023,15340,10/1/1981,9/30/2023,15340
05540095,05540500,0.279909438,42.5,3,5,284,10/1/1981,9/30/2023,15337,10/1/1981,9/30/2023,15340,0.9998044328552803,10/1/1981,9/30/2023,15337,10/1/1981,9/30/2023,15340
05568800,05569500,0.058490906,99.145,3,5,285,10/1/1981,9/30/2023,15339,10/1/1981,9/30/2023,15340,0.9999348109517601,10/1/1981,9/30/2023,15339,10/1/1981,9/30/2023,15340
05590800,05591200,0.314994694,45.959,3,5,286,10/1/1981,9/30/2023,15339,10/1/1981,9/30/2023,15340,0.9999348109517601,10/1/1981,9/30/2023,15339,10/1/1981,9/30/2023,15340
05593900,05594000,0.075488548,104.636,3,6,287,10/1/1981,9/30/2023,15340,10/1/1981,9/30/2023,15340,1,10/1/1981,9/30/2023,15340,10/1/1981,9/30/2023,15340
06191000,06192500,0.056039404,97.65,3,10,288,4/1/1984,9/30/2023,14426,10/1/1981,9/30/2023,15338,0.9405398357021776,4/1/1984,9/30/2023,14426,10/1/1981,9/30/2023,15338
06191000,06191500,0.076098512,19.333,3,8,289,4/1/1984,9/30/2023,14426,10/1/1981,9/30/2023,15340,0.9404172099087353,4/1/1984,9/30/2023,14426,10/1/1981,9/30/2023,15340
06404000,06406000,0.346127485,24.654,3,4,290,10/1/1981,9/30/2023,15300,10/1/1981,9/30/2023,15340,0.9973924380704041,10/1/1981,9/30/2023,15300,10/1/1981,9/30/2023,15340
06404000,06406500,0.205954323,80.259,3,4,291,10/1/1981,9/30/2023,15300,10/1/1988,9/30/2023,12783,0.8354901960784313,10/1/1981,9/30/2023,15300,10/1/1988,9/30/2023,12783
06404998,06406000,0.158556089,23.798,3,4,292,10/1/1981,9/30/2023,15340,10/1/1981,9/30/2023,15340,1,10/1/1981,9/30/2023,15340,10/1/1981,9/30/2023,15340
06404998,06406500,0.094344753,79.403,3,4,293,10/1/1981,9/30/2023,15340,10/1/1988,9/30/2023,12783,0.8333116036505867,10/1/1981,9/30/2023,15340,10/1/1988,9/30/2023,12783
06409000,06410500,0.269996047,47.214,3,4,294,10/1/1981,9/30/2023,15340,10/1/1981,9/30/2023,15340,1,10/1/1981,9/30/2023,15340,10/1/1981,9/30/2023,15340
06409000,06421500,0.131194775,180.425,3,5,296,10/1/1981,9/30/2023,15340,10/1/1981,9/30/2023,14974,0.9761408083441981,10/1/1981,9/30/2023,15340,10/1/1981,9/30/2023,14974
06470800,06471000,0.062728975,122.209,3,5,299,10/1/1981,9/30/2023,15340,10/1/1981,9/30/2023,15340,1,10/1/1981,9/30/2023,15340,10/1/1981,9/30/2023,15340
06470800,06470878,0.065144331,33.538,3,5,300,10/1/1981,9/30/2023,15340,10/1/1981,9/30/2023,15340,1,10/1/1981,9/30/2023,15340,10/1/1981,9/30/2023,15340
06893300,06893500,0.141507496,14.842,3,5,303,10/1/1981,9/30/2023,13928,10/1/1981,9/30/2023,15340,0.9079530638852673,10/1/1981,9/30/2023,13928,10/1/1981,9/30/2023,15340
07052100,07052250,0.067942504,23.864,3,4,304,10/1/1981,9/30/2023,9621,10/1/2001,9/30/2023,8035,0.8351522710736929,10/1/1981,9/30/2023,9621,10/1/2001,9/30/2023,8035
07104000,07105500,0.51787649,13.415,3,4,305,10/1/1981,9/30/2023,15340,10/1/1981,9/30/2023,15340,1,10/1/1981,9/30/2023,15340,10/1/1981,9/30/2023,15340
07104000,07105800,0.406023166,27.704,3,5,306,10/1/1981,9/30/2023,15340,10/1/1981,9/30/2023,15340,1,10/1/1981,9/30/2023,15340,10/1/1981,9/30/2023,15340
07104000,07106000,0.302097099,46.049,3,8,307,10/1/1981,9/30/2023,15340,7/2/1985,9/30/2023,13970,0.91069100391134294,10/1/1981,9/30/2023,15340,7/2/1985,9/30/2023,13970
07104000,07106300,0.23470071,73.364,3,9,308,10/1/1981,9/30/2023,15340,10/1/1981,9/30/2023,15340,1,10/1/1981,9/30/2023,15340,10/1/1981,9/30/2023,15340
07104000,07106500,0.219476562,92.88,3,13,309,10/1/1981,9/30/2023,15340,10/1/1981,9/30/2023,15340,1,10/1/1981,9/30/2023,15340,10/1/1981,9/30/2023,15340
07105900,07106000,0.097328354,9.674,3,8,310,10/1/1981,9/30/2023,15340,7/2/1985,9/30/2023,13970,0.91069100391134294,10/1/1981,9/30/2023,15340,7/2/1985,9/30/2023,13970
07105900,07106300,0.075614873,36.989,3,9,311,10/1/1981,9/30/2023,15340,10/1/1981,9/30/2023,15340,1,10/1/1981,9/30/2023,15340,10/1/1981,9/30/2023,15340
07105900,07106500,0.070710022,56.505,3,13,312,10/1/1981,9/30/2023,15340,10/1/1981,9/30/2023,15340,1,10/1/1981,9/30/2023,15340,10/1/1981,9/30/2023,15340
07126200,07126300,0.084644557,9.179,3,5,313,10/1/1981,9/30/2023,13223,10/1/1981,9/30/2023,15340,0.8619947848761408,10/1/1981,9/30/2023,13223,10/1/1981,9/30/2023,15340
07195800,07195855,0.237572628,20.207,3,3,314,10/1/1981,9/30/2023,15340,10/1/1981,9/30/2023,15340,1,10/1/1981,9/30/2023,15340,10/1/1981,9/30/2023,15340
07195800,07196000,0.122503329,33.462,3,3,315,10/1/1981,9/30/2023,15340,10/1/1981,9/30/2023,14609,0.9523468057366362,10/1/1981,9/30/2023,15340,10/1/1981,9/30/2023,14609
07195855,07196000,0.515645806,13.255,3,3,316,10/1/1981,9/30/2023,15340,10/1/1981,9/30/2023,14609,0.9523468057366362,10/1/1981,9/30/2023,15340,10/1/1981,9/30/2023,14609
07195855,07196500,0.062954684,81.668,3,6,317,10/1/1981,9/30/2023,15340,10/1/1981,9/30/2023,15340,1,10/1/1981,9/30/2023,15340,10/1/1981,9/30/2023,15340
07196000,07196500,0.122089006,68.413,3,6,318,10/1/1981,9/30/2023,14609,10/1/1981,9/30/2023,15340,0.9523468057366362,10/1/1981,9/30/2023,14609,10/1/1981,9/30/2023,15340
07215500,07216500,0.651771511,19.888,3,4,319,10/1/1981,9/30/2023,15340,10/1/1981,9/30/2023,14816,0.9658409387222947,10/1/1981,9/30/2023,15340,10/1/1981,9/30/2023,14816
07351500,07351750,0.076726228,106.047,3,5,325,10/1/1982,9/30/2023,14610,10/1/1981,9/30/2023,14141,0.9678986995208761,10/1/1982,9/30/2023,14610,10/1/1981,9/30/2023,14141
08068400,08068450,0.750559284,11.567,2,2,328,1/27/1999,9/30/2023,8647,10/1/1999,9/30/2023,8766,0.986424823,1/27/1999,9/30/2023,8647,10/1/1999,9/30/2023,8766
08068720,08069000,0.385991058,53.112,3,3,330,10/1/1981,9/27/2023,15105,10/1/1981,9/30/2023,15340,0.9846805736636245,10/1/1981,9/27/2023,15105,10/1/1981,9/30/2023,15340
08068720,08068740,0.839669909,9.966,3,3,331,10/1/1981,9/27/2023,15105,10/1/1981,9/30/2023,15340,0.9846805736636245,10/1/1981,9/27/2023,15105,10/1/1981,9/30/2023,15340
08068740,08069000,0.459693808,43.146,3,3,332,10/1/1981,9/30/2023,15340,10/1/1981,9/30/2023,15340,1,10/1/1981,9/30/2023,15340,10/1/1981,9/30/2023,15340
08083100,08084000,0.103680163,145.635,3,5,334,10/1/1981,9/30/2023,15340,10/1/1981,9/30/2023,15340,1,10/1/1981,9/30/2023,15340,10/1/1981,9/30/2023,15340
08084800,08085500,0.118726804,108.418,3,6,336,10/1/1981,9/30/2023,15340,10/1/1981,9/30/2023,15340,1,10/1/1981,9/30/2023,15340,10/1/1981,9/30/2023,15340
08155200,08155300,0.773302264,23.188,3,3,337,10/1/1981,9/30/2023,13071,10/1/1981,9/30/2023,15340,0.8520860495436766,10/1/1981,9/30/2023,13071,10/1/1981,9/30/2023,15340
08165300,08165500,0.586807883,8.255,3,4,340,10/1/1981,9/30/2023,15340,10/1/1981,9/30/2023,15316,0.9984354628422425,10/1/1981,9/30/2023,15340,10/1/1981,9/30/2023,15316
08165300,08167500,0.128516061,167.956,3,4,341,10/1/1981,9/30/2023,15340,10/1/1981,9/30/2023,15340,1,10/1/1981,9/30/2023,15340,10/1/1981,9/30/2023,15340
08165300,08167000,0.201426599,67.101,3,4,342,10/1/1981,9/30/2023,15340,10/1/1981,9/30/2023,15340,1,10/1/1981,9/30/2023,15340,10/1/1981,9/30/2023,15340
08166000,08166140,0.230793279,8.845,3,4,343,10/1/1981,9/30/2023,13312,10/1/1981,9/30/2023,10520,0.7902644230769231,10/1/1981,9/30/2023,13312,10/1/1981,9/30/2023,10520
08166000,08167500,0.086705033,155.124,3,4,344,10/1/1981,9/30/2023,13312,10/1/1981,9/30/2023,15340,0.8677966101694915,10/1/1981,9/30/2023,13312,10/1/1981,9/30/2023,15340
08166000,08167000,0.135895076,54.269,3,4,345,10/1/1981,9/30/2023,13312,10/1/1981,9/30/2023,15340,0.8677966101694915,10/1/1981,9/30/2023,13312,10/1/1981,9/30/2023,15340
08171000,08171300,0.86158748,28.825,3,3,346,10/1/1981,9/30/2023,15340,10/1/1981,9/30/2023,15340,1,10/1/1981,9/30/2023,15340,10/1/1981,9/30/2023,15340
08171000,08172000,0.423608551,117.71,3,4,347,10/1/1981,9/30/2023,15340,10/1/1981,9/30/2023,15340,1,10/1/1981,9/30/2023,15340,10/1/1981,9/30/2023,15340
08171300,08172000,0.491660523,88.885,3,4,348,10/1/1981,9/30/2023,15340,10/1/1981,9/30/2023,15340,1,10/1/1981,9/30/2023,15340,10/1/1981,9/30/2023,15340
08177300,08177500,0.055984556,25.542,3,5,349,10/1/1981,9/30/2023,11595,10/1/1981,9/30/2023,15340,0.7558670143415906,10/1/1981,9/30/2023,11595,10/1/1981,9/30/2023,15340
08177700,08178000,0.506925208,18.74,2,2,350,8/15/2001,9/30/2023,8082,10/1/1981,9/30/2023,10405,0.7767419509851033,8/15/2001,9/30/2023,8082,10/1/1981,9/30/2023,10405
08185000,08186000,0.331341332,125.72,3,4,351,10/1/1981,9/30/2023,15261,10/1/1981,9/30/2023,15340,0.9948500651890483,10/1/1981,9/30/2023,15261,10/1/1981,9/30/2023,15340
08201500,08202700,0.267754539,40.409,3,3,352,10/1/1981,9/30/2023,15339,10/1/1981,9/30/2023,15340,0.9999348109517601,10/1/1981,9/30/2023,15339,10/1/1981,9/30/2023,15340
08269000,08276300,0.175269254,19.548,3,4,353,10/1/1981,9/30/2023,15340,10/1/1981,9/30/2023,15340,1,10/1/1981,9/30/2023,15340,10/1/1981,9/30/2023,15340
08275500,08276300,0.218451534,17.158,3,4,354,10/1/1981,9/30/2023,14245,10/1/1981,9/30/2023,15340,0.9286179921773142,10/1/1981,9/30/2023,14245,10/1/1981,9/30/2023,15340
08316000,08317200,0.078723049,42.975,2,5,355,10/1/1981,9/30/2023,15340,10/1/1981,9/30/2023,12371,0.8064537157757496,10/1/1981,9/30/2023,15340,10/1/1981,9/30/2023,12371
08377900,08378500,0.281511747,8.906,3,4,356,10/1/1981,9/30/2023,15340,10/1/1981,9/30/2023,15340,1,10/1/1981,9/30/2023,15340,10/1/1981,9/30/2023,15340
08377900,08379500,0.050671079,150.825,3,5,357,10/1/1981,9/30/2023,15340,10/1/1981,9/30/2023,14909,0.9719035202086049,10/1/1981,9/30/2023,15340,10/1/1981,9/30/2023,14909
09022000,09024000,0.38041958,8.574,2,2,358,8/20/1984,9/30/2023,14286,10/1/1981,9/30/2023,15340,0.9312907431551499,8/20/1984,9/30/2023,14286,10/1/1981,9/30/2023,15340
09034900,09036000,0.062553926,19.672,1,3,359,10/1/1981,9/30/2023,15340,10/1/1981,9/30/2023,15340,1,10/1/1981,9/30/2023,15340,10/1/1981,9/30/2023,15340
09034900,09035700,0.158991228,11.859,1,2,360,10/1/1981,9/30/2023,15340,10/1/1981,9/30/2023,15340,1,10/1/1981,9/30/2023,15340,10/1/1981,9/30/2023,15340
09034900,09035500,0.341176471,0.191,1,2,361,10/1/1981,9/30/2023,15340,10/1/1981,9/30/2023,15340,1,10/1/1981,9/30/2023,15340,10/1/1981,9/30/2023,15340
09035500,09037500,0.089173311,44.155,2,4,362,10/1/1981,9/30/2023,15340,10/1/1981,9/30/2023,15340,1,10/1/1981,9/30/2023,15340,10/1/1981,9/30/2023,15340
09035500,09036000,0.183347714,19.481,2,3,363,10/1/1981,9/30/2023,15340,10/1/1981,9/30/2023,15340,1,10/1/1981,9/30/2023,15340,10/1/1981,9/30/2023,15340
09035500,09035700,0.466008772,11.668,2,2,364,10/1/1981,9/30/2023,15340,10/1/1981,9/30/2023,15340,1,10/1/1981,9/30/2023,15340,10/1/1981,9/30/2023,15340
09035700,09037500,0.191355434,32.487,2,4,365,10/1/1981,9/30/2023,15340,10/1/1981,9/30/2023,15340,1,10/1/1981,9/30/2023,15340,10/1/1981,9/30/2023,15340
09035700,09036000,0.393442623,7.813,2,3,366,10/1/1981,9/30/2023,15340,10/1/1981,9/30/2023,15340,1,10/1/1981,9/30/2023,15340,10/1/1981,9/30/2023,15340
09035900,09037500,0.148971884,31.99,2,4,367,10/1/1981,9/30/2023,15339,10/1/1981,9/30/2023,15340,0.9999348109517601,10/1/1981,9/30/2023,15339,10/1/1981,9/30/2023,15340
09035900,09036000,0.306298533,7.316,2,3,368,10/1/1981,9/30/2023,15339,10/1/1981,9/30/2023,15340,0.9999348109517601,10/1/1981,9/30/2023,15339,10/1/1981,9/30/2023,15340
09036000,09037500,0.486361729,24.674,3,4,369,10/1/1981,9/30/2023,15340,10/1/1981,9/30/2023,15340,1,10/1/1981,9/30/2023,15340,10/1/1981,9/30/2023,15340
09063000,09070000,0.074279877,72.278,3,5,371,10/1/1981,9/30/2023,15340,10/1/1981,9/30/2023,15340,1,10/1/1981,9/30/2023,15340,10/1/1981,9/30/2023,15340
09073300,09085000,0.052161667,79.465,3,5,376,10/1/1981,9/30/2023,15340,10/1/1981,9/30/2023,15340,1,10/1/1981,9/30/2023,15340,10/1/1981,9/30/2023,15340
09073300,09073400,0.715118397,6.25,3,3,377,10/1/1981,9/30/2023,15340,10/1/1981,9/30/2023,15340,1,10/1/1981,9/30/2023,15340,10/1/1981,9/30/2023,15340
09073400,09085000,0.072941302,73.215,3,5,378,10/1/1981,9/30/2023,15340,10/1/1981,9/30/2023,15340,1,10/1/1981,9/30/2023,15340,10/1/1981,9/30/2023,15340
09081600,09085000,0.11492573,42.345,3,5,379,10/1/1981,9/30/2023,15340,10/1/1981,9/30/2023,15340,1,10/1/1981,9/30/2023,15340,10/1/1981,9/30/2023,15340
09143000,09143500,0.712136409,12.171,3,3,380,10/1/1981,9/30/2023,11701,10/1/1981,9/30/2023,13398,0.8733393043737872,10/1/1981,9/30/2023,11701,10/1/1981,9/30/2023,13398
09146200,09149500,0.13375156,88.072,3,5,381,10/1/1981,9/30/2023,15340,10/1/1981,9/30/2023,15340,1,10/1/1981,9/30/2023,15340,10/1/1981,9/30/2023,15340
09146200,09147500,0.3325864,24.609,3,4,382,10/1/1981,9/30/2023,15340,10/1/1981,9/30/2023,15340,1,10/1/1981,9/30/2023,15340,10/1/1981,9/30/2023,15340
09147000,09149500,0.08723832,88.072,3,5,383,10/1/1981,9/30/2023,15340,10/1/1981,9/30/2023,15340,1,10/1/1981,9/30/2023,15340,10/1/1981,9/30/2023,15340
09147000,09147500,0.216926657,24.609,3,4,384,10/1/1981,9/30/2023,15340,10/1/1981,9/30/2023,15340,1,10/1/1981,9/30/2023,15340,10/1/1981,9/30/2023,15340
09306242,09306255,0.121426466,36.983,3,4,385,10/1/1981,9/30/2023,15340,10/1/1981,9/30/2023,13300,0.8670143415906127,10/1/1981,9/30/2023,15340,10/1/1981,9/30/2023,13300
09352900,09354500,0.139711352,67.811,3,5,386,10/1/1981,9/30/2023,15340,10/1/1981,9/30/2023,15340,1,10/1/1981,9/30/2023,15340,10/1/1981,9/30/2023,15340
09371492,09372000,0.10005596,44.712,3,5,387,10/1/1981,9/30/2023,12844,10/1/1981,9/30/2023,15337,0.8374519136728173,10/1/1981,9/30/2023,12844,10/1/1981,9/30/2023,15337
09404450,09406000,0.077625202,79.388,3,5,388,10/1/1981,9/30/2023,15340,10/1/1981,9/30/2023,15340,1,10/1/1981,9/30/2023,15340,10/1/1981,9/30/2023,15340
10134500,10141000,0.069204794,86.284,3,6,389,10/1/1981,9/30/2023,15340,10/1/1981,9/30/2023,15340,1,10/1/1981,9/30/2023,15340,10/1/1981,9/30/2023,15340
10134500,10136500,0.088516576,37.649,3,6,390,10/1/1981,9/30/2023,15340,10/1/1981,9/30/2023,15340,1,10/1/1981,9/30/2023,15340,10/1/1981,9/30/2023,15340
10173450,10183500,0.09282081,111.304,3,5,392,10/1/1981,9/30/2023,15339,10/1/1981,9/30/2023,15340,0.9999348109517601,10/1/1981,9/30/2023,15339,10/1/1981,9/30/2023,15340
10173450,10174500,0.30876675,13.153,3,5,393,10/1/1981,9/30/2023,15339,10/1/1981,9/30/2023,15340,0.9999348109517601,10/1/1981,9/30/2023,15339,10/1/1981,9/30/2023,15340
10310000,10311000,0.073822286,56.987,3,6,396,10/1/1981,9/30/2023,15340,10/1/1981,9/30/2023,15340,1,10/1/1981,9/30/2023,15340,10/1/1981,9/30/2023,15340
10310000,10312000,0.050234268,120.959,3,7,397,10/1/1981,9/30/2023,15340,10/1/1981,9/30/2023,15340,1,10/1/1981,9/30/2023,15340,10/1/1981,9/30/2023,15340
10310000,10311400,0.068273416,69.958,3,7,398,10/1/1981,9/30/2023,15340,10/1/1981,9/30/2023,13575,0.8849413298565841,10/1/1981,9/30/2023,15340,10/1/1981,9/30/2023,13575
10349300,10349980,0.504113924,18.897,3,4,399,10/1/1981,9/30/2023,15340,10/1/1981,9/30/2023,14534,0.9474576271186441,10/1/1981,9/30/2023,15340,10/1/1981,9/30/2023,14534
11101250,11102300,0.735367372,6.298,3,3,400,10/1/1981,9/30/2023,15340,10/1/1981,9/30/2023,15340,1,10/1/1981,9/30/2023,15340,10/1/1981,9/30/2023,15340
11119940,11120000,0.33877551,3.951,2,3,401,10/1/1981,9/30/2023,15340,10/1/1981,9/30/2023,15340,1,10/1/1981,9/30/2023,15340,10/1/1981,9/30/2023,15340
11180825,11181040,0.403463203,13.596,3,4,403,10/1/1981,9/30/2023,14271,10/1/1987,9/30/2023,12575,0.8811575923200897,10/1/1981,9/30/2023,14271,10/1/1987,9/30/2023,12575
11180960,11181040,0.12987013,14.509,2,4,405,10/1/1981,9/30/2023,15340,10/1/1987,9/30/2023,12575,0.8197522816166884,10/1/1981,9/30/2023,15340,10/1/1987,9/30/2023,12575
11181008,11181040,0.123809524,8.636,2,4,406,10/1/1981,9/30/2023,15340,10/1/1987,9/30/2023,12575,0.8197522816166884,10/1/1981,9/30/2023,15340,10/1/1987,9/30/2023,12575
11230500,11234760,0.05235199,57.635,3,5,407,10/1/1981,9/30/2023,15340,10/1/1981,9/30/2023,15340,1,10/1/1981,9/30/2023,15340,10/1/1981,9/30/2023,15340
11316800,11317000,0.304176072,8.256,3,4,408,10/1/1981,9/30/2023,15340,10/1/1981,9/30/2023,15340,1,10/1/1981,9/30/2023,15340,10/1/1981,9/30/2023,15340
11376025,11376550,0.077330738,55.645,2,5,409,9/23/1985,9/30/2023,13593,10/1/1981,9/30/2023,15230,0.8925147734734078,9/23/1985,9/30/2023,13593,10/1/1981,9/30/2023,15230
11421770,11421790,0.572710952,4.915,1,3,410,10/1/1981,9/20/2023,13370,10/1/1981,9/30/2023,15075,0.8868988391376451,10/1/1981,9/20/2023,13370,10/1/1981,9/30/2023,15075
11427700,11427750,0.944852941,0,3,3,411,10/1/1981,9/30/2023,15340,10/1/1981,9/30/2023,15340,1,10/1/1981,9/30/2023,15340,10/1/1981,9/30/2023,15340
11436000,11439500,0.078815763,24.243,2,4,412,10/1/1981,9/30/2023,15340,10/1/1981,9/30/2023,15340,1,10/1/1981,9/30/2023,15340,10/1/1981,9/30/2023,15340
12025700,12026400,0.357118235,36.4,3,3,415,10/1/1981,9/30/2023,15340,10/1/1981,9/30/2023,15340,1,10/1/1981,9/30/2023,15340,10/1/1981,9/30/2023,15340
12025700,12026150,0.606912712,12.407,3,3,416,10/1/1981,9/30/2023,15340,10/1/1981,9/30/2023,15340,1,10/1/1981,9/30/2023,15340,10/1/1981,9/30/2023,15340
12026150,12027500,0.07364107,48.693,3,6,417,10/1/1981,9/30/2023,15340,10/1/1981,9/30/2023,15340,1,10/1/1981,9/30/2023,15340,10/1/1981,9/30/2023,15340
12026150,12026400,0.588417787,23.993,3,3,418,10/1/1981,9/30/2023,15340,10/1/1981,9/30/2023,15340,1,10/1/1981,9/30/2023,15340,10/1/1981,9/30/2023,15340
12026150,12031000,0.050933938,90.013,3,7,419,10/1/1981,9/30/2023,15340,10/1/1981,9/30/2023,15340,1,10/1/1981,9/30/2023,15340,10/1/1981,9/30/2023,15340
12026400,12027500,0.125150992,24.7,3,6,420,10/1/1981,9/30/2023,15340,10/1/1981,9/30/2023,15340,1,10/1/1981,9/30/2023,15340,10/1/1981,9/30/2023,15340
12026400,12031000,0.08656084,66.02,3,7,421,10/1/1981,9/30/2023,15340,10/1/1981,9/30/2023,15340,1,10/1/1981,9/30/2023,15340,10/1/1981,9/30/2023,15340
12035400,12037400,0.266567015,70.434,3,4,422,10/1/1981,9/30/2023,15322,10/1/1981,9/30/2023,14975,0.9773528260018275,10/1/1981,9/30/2023,15322,10/1/1981,9/30/2023,14975
12035400,12036000,0.557582074,15.115,3,4,423,10/1/1981,9/30/2023,15322,10/1/1981,9/30/2023,15340,0.9988265971316819,10/1/1981,9/30/2023,15322,10/1/1981,9/30/2023,15340
12079000,12080010,0.554337464,31.482,3,3,424,10/1/1981,9/30/2023,13968,10/1/1990,9/30/2023,12052,0.8628293241695304,10/1/1981,9/30/2023,13968,10/1/1990,9/30/2023,12052
12083000,12089500,0.145481703,65.84,3,5,425,10/1/1981,9/30/2023,11567,10/1/1981,9/30/2023,15340,0.7540417209908735,10/1/1981,9/30/2023,11567,10/1/1981,9/30/2023,15340
12083000,12086500,0.257569747,24.054,3,4,426,10/1/1981,9/30/2023,11567,10/1/1981,9/30/2023,15340,0.7540417209908735,10/1/1981,9/30/2023,11567,10/1/1981,9/30/2023,15340
12094000,12101500,0.083248483,37.497,3,6,429,10/1/1991,9/30/2023,11688,10/1/1981,9/30/2023,15340,0.7619295958279009,10/1/1991,9/30/2023,11688,10/1/1981,9/30/2023,15340
12097500,12101500,0.077546532,82.506,3,6,430,10/1/1981,9/30/2023,12875,10/1/1981,9/30/2023,15340,0.83930899608865706,10/1/1981,9/30/2023,12875,10/1/1981,9/30/2023,15340
12097500,12097850,0.196046129,21.652,3,5,431,10/1/1981,9/30/2023,12875,3/18/1982,9/30/2023,10554,0.8197281553398058,10/1/1981,9/30/2023,12875,3/18/1982,9/30/2023,10554
12108500,12113000,0.068705245,16.558,2,5,432,10/1/1981,9/30/2023,15340,10/1/1981,9/30/2023,15340,1,10/1/1981,9/30/2023,15340,10/1/1981,9/30/2023,15340
12114500,12119000,0.138061267,76.977,3,4,433,10/1/1981,9/30/2023,15340,10/1/1981,9/30/2023,15340,1,10/1/1981,9/30/2023,15340,10/1/1981,9/30/2023,15340
12114500,12115000,0.624288425,10.541,3,3,434,10/1/1981,9/30/2023,15340,10/1/1981,9/30/2023,15340,1,10/1/1981,9/30/2023,15340,10/1/1981,9/30/2023,15340
12115000,12119000,0.221149811,66.436,3,4,435,10/1/1981,9/30/2023,15340,10/1/1981,9/30/2023,15340,1,10/1/1981,9/30/2023,15340,10/1/1981,9/30/2023,15340
12115500,12119000,0.072807386,64.91,3,4,436,10/1/1981,9/30/2023,15340,10/1/1981,9/30/2023,15340,1,10/1/1981,9/30/2023,15340,10/1/1981,9/30/2023,15340
12117000,12119000,0.093369702,46.913,3,4,437,10/1/1981,9/30/2023,15340,10/1/1981,9/30/2023,15340,1,10/1/1981,9/30/2023,15340,10/1/1981,9/30/2023,15340
12143400,12149000,0.068958894,59.267,3,5,438,10/1/1981,9/30/2023,14975,10/1/1981,9/30/2023,15340,0.9762059973924381,10/1/1981,9/30/2023,14975,10/1/1981,9/30/2023,15340
12143400,12144000,0.508979206,23.897,3,3,439,10/1/1981,9/30/2023,14975,2/1/1984,9/30/2023,14487,0.9674123539232053,10/1/1981,9/30/2023,14975,2/1/1984,9/30/2023,14487
12143400,12143600,0.630931459,13.007,3,3,440,10/1/1981,9/30/2023,14975,10/1/1983,9/30/2023,14610,0.9756260434056762,10/1/1981,9/30/2023,14975,10/1/1983,9/30/2023,14610
12143600,12149000,0.109296965,46.26,3,5,441,10/1/1983,9/30/2023,14610,10/1/1981,9/30/2023,15340,0.9524119947848761,10/1/1983,9/30/2023,14610,10/1/1981,9/30/2023,15340
12143600,12144000,0.806710775,10.89,3,3,442,10/1/1983,9/30/2023,14610,2/1/1984,9/30/2023,14487,0.9915811088295687,10/1/1983,9/30/2023,14610,2/1/1984,9/30/2023,14487
12143700,12143900,0.436170213,1.394,1,1,443,10/1/1981,9/30/2023,15340,10/1/1981,9/30/2023,15340,1,10/1/1981,9/30/2023,15340,10/1/1981,9/30/2023,15340
12144000,12149000,0.135484697,35.37,3,5,444,2/1/1984,9/30/2023,14487,10/1/1981,9/30/2023,15340,0.9443937418513689,2/1/1984,9/30/2023,14487,10/1/1981,9/30/2023,15340
12144000,12150800,0.053155145,71.974,3,6,445,2/1/1984,9/30/2023,14487,10/1/1981,9/30/2023,15340,0.9443937418513689,2/1/1984,9/30/2023,14487,10/1/1981,9/30/2023,15340
12145500,12149000,0.050774747,20.743,3,5,446,10/1/1981,9/30/2023,15340,10/1/1981,9/30/2023,15340,1,10/1/1981,9/30/2023,15340,10/1/1981,9/30/2023,15340
12147600,12148500,0.065464896,20.684,1,4,447,10/1/1981,9/30/2023,15340,10/1/1981,9/30/2023,15340,1,10/1/1981,9/30/2023,15340,10/1/1981,9/30/2023,15340
12147600,12148000,0.270588235,9.137,1,3,448,10/1/1981,9/30/2023,15340,10/1/1981,9/30/2023,15340,1,10/1/1981,9/30/2023,15340,10/1/1981,9/30/2023,15340
12148000,12148500,0.241935484,11.547,3,4,449,10/1/1981,9/30/2023,15340,10/1/1981,9/30/2023,15340,1,10/1/1981,9/30/2023,15340,10/1/1981,9/30/2023,15340
13011500,13018750,0.063246875,77.735,3,6,451,10/1/1981,9/30/2023,15340,10/1/1981,9/30/2023,15340,1,10/1/1981,9/30/2023,15340,10/1/1981,9/30/2023,15340
14013000,14015000,0.622831787,17.788,3,3,453,10/1/1981,9/30/2023,15340,10/1/1981,9/30/2023,15340,1,10/1/1981,9/30/2023,15340,10/1/1981,9/30/2023,15340
14015000,14018500,0.057764004,45.559,3,6,454,10/1/1981,9/30/2023,15340,10/1/1981,9/30/2023,15340,1,10/1/1981,9/30/2023,15340,10/1/1981,9/30/2023,15340
14138800,14140000,0.076506676,33.066,3,4,455,10/1/1981,9/30/2023,15340,10/1/1981,9/30/2023,15340,1,10/1/1981,9/30/2023,15340,10/1/1981,9/30/2023,15340
14138800,14138850,0.170829976,14.453,3,3,456,10/1/1981,9/30/2023,15340,10/1/1981,9/30/2023,15340,1,10/1/1981,9/30/2023,15340,10/1/1981,9/30/2023,15340
14138850,14142500,0.109900815,24.119,3,5,457,10/1/1981,9/30/2023,15340,5/1/1984,9/30/2023,14397,0.9385267275097784,10/1/1981,9/30/2023,15340,5/1/1984,9/30/2023,14397
14138850,14140000,0.447852761,18.613,3,4,458,10/1/1981,9/30/2023,15340,10/1/1981,9/30/2023,15340,1,10/1/1981,9/30/2023,15340,10/1/1981,9/30/2023,15340
14138870,14140000,0.050884157,17.599,2,4,459,10/1/1981,9/30/2023,15340,10/1/1981,9/30/2023,15340,1,10/1/1981,9/30/2023,15340,10/1/1981,9/30/2023,15340
14138900,14140000,0.077589318,16.974,2,4,460,10/1/1981,9/30/2023,15340,10/1/1981,9/30/2023,15340,1,10/1/1981,9/30/2023,15340,10/1/1981,9/30/2023,15340
14139800,14140000,0.146878383,8.725,3,4,461,10/1/1981,9/30/2023,15340,10/1/1981,9/30/2023,15340,1,10/1/1981,9/30/2023,15340,10/1/1981,9/30/2023,15340
14141500,14142500,0.052957846,8.346,3,5,462,10/1/1981,9/30/2023,15340,5/1/1984,9/30/2023,14397,0.9385267275097784,10/1/1981,9/30/2023,15340,5/1/1984,9/30/2023,14397
14158500,14162500,0.099348196,69.204,3,5,464,10/1/1981,9/30/2023,15340,10/1/1981,9/30/2023,15340,1,10/1/1981,9/30/2023,15340,10/1/1981,9/30/2023,15340
14158500,14158850,0.502098196,15.317,3,4,465,10/1/1981,9/30/2023,15340,10/1/1981,9/30/2023,15340,1,10/1/1981,9/30/2023,15340,10/1/1981,9/30/2023,15340
14158790,14158850,0.0847671,9.102,3,4,466,10/1/1981,9/30/2023,15340,10/1/1981,9/30/2023,15340,1,10/1/1981,9/30/2023,15340,10/1/1981,9/30/2023,15340
14161500,14162200,0.274768824,10.182,3,4,467,10/1/1981,9/30/2023,15340,10/1/1981,9/30/2023,15340,1,10/1/1981,9/30/2023,15340,10/1/1981,9/30/2023,15340
14182500,14189000,0.062574146,50.43,3,6,468,10/1/1981,9/30/2023,15340,10/1/1981,9/30/2023,14975,0.9762059973924381,10/1/1981,9/30/2023,15340,10/1/1981,9/30/2023,14975
14182500,14183000,0.17117064,4.44,3,5,469,10/1/1981,9/30/2023,15340,10/1/1981,9/30/2023,15340,1,10/1/1981,9/30/2023,15340,10/1/1981,9/30/2023,15340
14187000,14187500,0.080960425,29.895,3,5,470,10/1/1988,9/30/2023,12783,10/1/1981,9/30/2023,15041,0.8498770028588525,10/1/1988,9/30/2023,12783,10/1/1981,9/30/2023,15041
14187000,14187200,0.09302648,8.763,3,5,471,10/1/1988,9/30/2023,12783,10/1/1981,9/30/2023,15340,0.8333116036505867,10/1/1988,9/30/2023,12783,10/1/1981,9/30/2023,15340
14309500,14312000,0.052042633,86.168,3,5,472,10/1/1981,9/30/2023,15340,10/1/1981,9/30/2023,15340,1,10/1/1981,9/30/2023,15340,10/1/1981,9/30/2023,15340
14309500,14310000,0.190601185,32.129,3,4,473,10/1/1981,9/30/2023,15340,10/1/1981,9/30/2023,15340,1,10/1/1981,9/30/2023,15340,10/1/1981,9/30/2023,15340
14314500,14316500,0.08754674,26.405,3,4,474,10/1/1981,9/30/2023,15340,10/1/1981,9/30/2023,15338,0.9998696219035202,10/1/1981,9/30/2023,15340,10/1/1981,9/30/2023,15338
